{"stats":{"minecraft:custom":{"minecraft:interact_with_crafting_table":222,"minecraft:open_barrel":27,"minecraft:eat_cake_slice":10,"minecraft:leave_game":20,"minecraft:time_since_death":58281,"minecraft:damage_blocked_by_shield":5820,"minecraft:play_time":1072791,"minecraft:deaths":28,"minecraft:jump":19615,"minecraft:enchant_item":27,"minecraft:interact_with_furnace":557,"minecraft:interact_with_cartography_table":1,"minecraft:sleep_in_bed":21,"minecraft:waystone_activated":3,"tombstone:sneak_grave":3,"minecraft:damage_dealt":57372,"tombstone:undead_killed":60,"minecraft:interact_with_smoker":304,"minecraft:horse_one_cm":21097,"minecraft:interact_with_smithing_table":6,"minecraft:interact_with_anvil":9,"minecraft:sneak_time":78710,"minecraft:interact_with_blast_furnace":25,"minecraft:total_world_time":1072791,"tombstone:raider_killed":5,"minecraft:tune_noteblock":73,"minecraft:time_since_rest":57395,"minecraft:swim_one_cm":537677,"minecraft:fly_one_cm":3250068,"minecraft:open_chest":1772,"minecraft:fall_one_cm":381026,"minecraft:damage_resisted":256,"minecraft:sprint_one_cm":2944245,"minecraft:drop":294,"minecraft:play_noteblock":1,"minecraft:interact_with_brewingstand":155,"minecraft:walk_on_water_one_cm":222806,"tombstone:steal_effect":10,"minecraft:interact_with_loom":1,"minecraft:player_kills":4,"minecraft:crouch_one_cm":305610,"minecraft:mob_kills":221,"minecraft:climb_one_cm":5730,"minecraft:walk_one_cm":2420252,"minecraft:walk_under_water_one_cm":110145,"minecraft:boat_one_cm":86940,"spartanshields:shield_bash_hits":11,"minecraft:damage_taken":16593,"minecraft:damage_absorbed":320},"minecraft:dropped":{"stalwart_dungeons:spore_vaporizer":4,"farmersdelight:iron_knife":1,"minecraft:iron_sword":1,"minecraft:lapis_lazuli":31,"minecraft:glass_bottle":21,"minecraft:diamond":9,"minecraft:glow_berries":2,"mcdw:pick_diamond_pickaxe_var":1,"minecraft:item_frame":1,"minecraft:dirt":128,"mcdw:sword_diamond_sword_var":5,"minecraft:gold_nugget":7,"minecraft:phantom_membrane":2,"minecraft:iron_pickaxe":1,"minecraft:oak_door":1,"biomesoplenty:toadstool":1,"alexsmobs:centipede_leg":2,"minecraft:waxed_cut_copper_stairs":1,"minecraft:golden_chestplate":1,"minecraft:nether_brick":197,"alexscaves:cave_tablet":12,"minecraft:wheat":2,"minecraft:rotten_flesh":47,"minecraft:oak_planks":40,"bloomingnature:genisteae":1,"minecraft:azure_bluet":4,"aquaculture:synodontis":2,"alexscaves:cave_book":1,"minecraft:ladder":1,"minecraft:leather_leggings":1,"stalwart_dungeons:transient_block_close":77,"minecraft:red_nether_bricks":4,"minecraft:beef":1,"farmersdelight:tomato_seeds":4,"minecraft:enchanted_book":2,"minecraft:iron_ingot":18,"spartanshields:iron_tower_shield":1,"minecraft:wheat_seeds":73,"minecraft:oak_fence":2,"minecraft:cobblestone":11,"minecraft:book":1,"orcz:orcagaric":2,"minecraft:granite":69,"biomesoplenty:jacaranda_planks":1,"minecraft:oxeye_daisy":7,"minecraft:gray_wool":1,"minecraft:sculk":997,"minecraft:rose_bush":1,"minecraft:diamond_helmet":1,"minecraft:potion":23,"minecraft:white_banner":2,"minecraft:string":40,"minecraft:furnace":1,"minecraft:diamond_hoe":1,"orcz:orcamanita":1,"minecraft:iron_boots":1,"orcz:orcteeth_tool_shovel":1,"minecraft:nether_bricks":2,"minecraft:lily_of_the_valley":7,"minecraft:diamond_pickaxe":1,"minecraft:bow":2,"mcda:fox_armor_leggings":1,"orcz:orchorn":1,"orcz:orcteeth_tool_pickaxe":1,"bloomingnature:fan_palm_planks":12,"minecraft:baked_potato":46,"orcz:blue_orcshroom":3,"biomesoplenty:rose_quartz_chunk":2,"farmersdelight:rice":3,"paraglider:spirit_orb":4,"minecraft:flint":2,"minecraft:cracked_polished_blackstone_bricks":5,"minecraft:cornflower":8,"minecraft:gilded_blackstone":4,"minecraft:polished_blackstone_bricks":7,"minecraft:gold_ingot":43,"enemyexpansion:phantasm_helmet":1,"minecraft:gravel":17,"minecraft:spyglass":1,"bloomingnature:swamp_oak_planks":20,"minecraft:beetroot":1,"minecraft:fern":1,"minecraft:diamond_shovel":2,"minecraft:beehive":2,"minecraft:poppy":5,"minecraft:birch_trapdoor":9,"ecologics:coconut_husk":5,"minecraft:birch_door":7,"minecraft:arrow":4,"minecraft:cracked_nether_bricks":3,"minecraft:netherrack":12,"bloomingnature:bluebell":2,"minecraft:amethyst_block":15,"minecraft:stick":21,"minecraft:diorite":39,"bloomingnature:swamp_oak_log":2,"tombstone:magic_scroll":1,"minecraft:torch":17,"tombstone:grave_key":1,"bloomingnature:swamp_oak_sapling":10,"tombstone:grave_dust":10,"travelersbackpack:spider":1,"minecraft:iron_leggings":2,"minecraft:jungle_leaves":4,"minecraft:stonecutter":1,"minecraft:dandelion":4,"minecraft:smooth_basalt":11,"minecraft:redstone":2,"minecraft:kelp":210,"minecraft:nether_wart":1,"minecraft:tuff":152,"minecraft:raw_iron":2,"orcz:ironscrap":1,"enemyexpansion:phantom_eye":1,"minecraft:deepslate_bricks":229,"minecraft:andesite":91,"minecraft:blue_ice":1,"farmersdelight:minced_beef":14,"minecraft:golden_sword":2,"minecraft:wooden_pickaxe":1,"minecraft:raw_gold":48,"mcdw:sword_iron_sword_var":1},"minecraft:broken":{"minecraft:iron_boots":1,"minecraft:iron_chestplate":1,"minecraft:shield":1,"minecraft:iron_axe":1,"orcz:orcteeth_tool_sword":1,"minecraft:iron_pickaxe":6,"minecraft:stone_pickaxe":1,"minecraft:stone_axe":1,"orcz:orcteeth_tool_shovel":1,"minecraft:flint_and_steel":2},"minecraft:used":{"orcz:orcteeth_tool_shovel":133,"bloomingnature:swamp_oak_door":3,"minecraft:chest":51,"minecraft:rotten_flesh":6,"minecraft:soul_sand":11,"minecraft:snowball":6,"minecraft:lava_bucket":12,"minecraft:quartz_block":1,"minecraft:bow":109,"minecraft:furnace":39,"minecraft:potato":194,"minecraft:diorite":11,"minecraft:wooden_pickaxe":7,"stalwart_dungeons:transient_block_close":4,"bloomingnature:swamp_oak_log":5,"minecraft:cookie":1,"minecraft:blast_furnace":7,"orcz:orcteeth_tool_sword":160,"minecraft:zombie_head":2,"spartanshields:diamond_tower_shield":1,"minecraft:nether_wart_block":2,"minecraft:smithing_table":2,"minecraft:oak_boat":2,"travelersbackpack:sandstone":1,"minecraft:oak_trapdoor":2,"minecraft:netherrack":86,"minecraft:torch":680,"mcdw:sword_diamond_sword_var":247,"minecraft:brewing_stand":8,"farmersdelight:beef_patty":3,"minecraft:chipped_anvil":2,"minecraft:iron_axe":244,"minecraft:smooth_basalt":6,"biomesoplenty:rose_quartz_block":2,"tombstone:gift":10,"minecraft:cobbled_deepslate":349,"minecraft:calcite":17,"minecraft:wheat_seeds":361,"minecraft:water_bucket":51,"minecraft:deepslate_bricks":1141,"minecraft:mossy_cobblestone":1,"minecraft:rail":1,"minecraft:crafting_table":29,"minecraft:white_bed":4,"minecraft:oak_log":17,"minecraft:diamond_pickaxe":2423,"minecraft:diamond_shovel":1832,"minecraft:iron_pickaxe":1563,"travelersbackpack:white_sleeping_bag":12,"tombstone:magic_scroll":7,"minecraft:cobblestone":206,"minecraft:potion":21,"travelersbackpack:standard":36,"minecraft:cooked_porkchop":5,"minecraft:kelp":206,"minecraft:candle":3,"stalwart_dungeons:iron_hammer":18,"minecraft:iron_shovel":497,"minecraft:polished_deepslate":33,"minecraft:oak_sign":12,"minecraft:diamond_hoe":2118,"minecraft:shield":122,"minecraft:iron_sword":201,"minecraft:nether_wart":34,"minecraft:creeper_head":2,"minecraft:sculk_sensor":4,"minecraft:iron_chestplate":1,"travelersbackpack:hay":14,"minecraft:nether_bricks":23,"minecraft:carrot":238,"minecraft:tuff":47,"minecraft:beehive":2,"minecraft:obsidian":12,"minecraft:honey_bottle":2,"biomesoplenty:brimstone_bricks":1,"minecraft:iron_helmet":1,"minecraft:item_frame":2,"farmersdelight:cutting_board":3,"minecraft:skeleton_skull":2,"bloomingnature:swamp_oak_planks":102,"travelersbackpack:spider":14,"minecraft:stone_pickaxe":131,"minecraft:oak_planks":123,"minecraft:sugar_cane":44,"minecraft:diamond_axe":726,"minecraft:white_wool":6,"minecraft:black_bed":1,"minecraft:shears":75,"minecraft:redstone_torch":26,"waystones:waystone":1,"minecraft:bread":37,"tombstone:grave_key":4,"minecraft:deepslate":48,"minecraft:gravel":25,"ecologics:coconut_slice":8,"minecraft:andesite":3,"minecraft:air":3,"minecraft:bone_meal":51,"minecraft:experience_bottle":4,"bloomingnature:genisteae":1,"minecraft:flint_and_steel":208,"minecraft:cracked_deepslate_bricks":2,"mcdw:pick_diamond_pickaxe_var":52,"minecraft:dried_kelp":5,"minecraft:sculk":64,"minecraft:oak_door":1,"minecraft:dirt":590,"minecraft:spyglass":68,"alexsmobs:cooked_kangaroo_meat":1,"minecraft:birch_door":2,"minecraft:iron_hoe":171,"minecraft:bookshelf":2,"minecraft:oak_stairs":8,"minecraft:iron_boots":2,"minecraft:golden_carrot":6,"minecraft:enchanted_golden_apple":2,"minecraft:iron_leggings":1,"minecraft:cooked_mutton":5,"minecraft:glass_bottle":73,"minecraft:baked_potato":198,"minecraft:red_nether_bricks":4,"minecraft:brown_mushroom":1,"spartanshields:iron_tower_shield":27,"minecraft:smoker":9,"bloomingnature:bluebell":1,"mcdw:sword_iron_sword_var":117,"minecraft:stone_axe":110,"minecraft:cobbled_deepslate_slab":1,"minecraft:bucket":103,"minecraft:gray_wool":78,"minecraft:sculk_catalyst":8,"minecraft:splash_potion":18,"minecraft:soul_torch":19},"minecraft:killed_by":{"enemyexpansion:invisicreeper":3,"stalwart_dungeons:giddy_blaze":7,"minecraft:warden":5,"minecraft:wither_skeleton":1,"minecraft:player":6,"enemyexpansion:equestrian":1,"minecraft:skeleton":1},"minecraft:mined":{"stalwart_dungeons:transient_block_open":14,"minecraft:white_bed":4,"minecraft:red_nether_bricks":7,"biomesoplenty:brimstone":4,"minecraft:obsidian":14,"minecraft:granite":75,"minecraft:deepslate_bricks":99,"minecraft:deepslate_tile_stairs":1,"minecraft:nether_wart":47,"minecraft:oak_wall_sign":1,"minecraft:oxeye_daisy":18,"minecraft:spawner":3,"minecraft:tall_seagrass":41,"minecraft:magma_block":11,"minecraft:cobbled_deepslate":38,"minecraft:fire":34,"minecraft:pumpkin":9,"minecraft:deepslate_lapis_ore":9,"minecraft:sculk_shrieker":10,"minecraft:dirt_path":1,"minecraft:small_amethyst_bud":2,"minecraft:brown_mushroom":1,"minecraft:kelp_plant":1150,"minecraft:smoker":9,"minecraft:amethyst_cluster":2,"biomesoplenty:brimstone_fumarole":1,"minecraft:torch":20,"minecraft:note_block":1,"minecraft:blast_furnace":6,"minecraft:creeper_wall_head":1,"minecraft:sugar_cane":411,"minecraft:amethyst_block":35,"minecraft:wheat":253,"minecraft:lilac":4,"biomesoplenty:large_rose_quartz_bud":3,"minecraft:waxed_copper_block":1,"minecraft:birch_door":9,"minecraft:grass":1455,"minecraft:smooth_basalt":24,"minecraft:stonecutter":1,"minecraft:deepslate":1503,"minecraft:deepslate_tiles":1,"minecraft:mossy_cobblestone":1,"minecraft:nether_bricks":77,"minecraft:cobbled_deepslate_slab":1,"minecraft:red_mushroom":1,"minecraft:kelp":233,"minecraft:andesite":112,"minecraft:potatoes":164,"biomesoplenty:brimstone_bud":8,"minecraft:rail":25,"biomesoplenty:rose_quartz_cluster":3,"minecraft:cake":1,"minecraft:smithing_table":2,"bloomingnature:swamp_oak_planks":5,"minecraft:lily_of_the_valley":8,"minecraft:dandelion":4,"minecraft:cornflower":12,"minecraft:lightning_rod":2,"minecraft:tall_grass":514,"minecraft:copper_ore":3,"minecraft:deepslate_gold_ore":86,"minecraft:cracked_deepslate_bricks":2,"minecraft:diorite":62,"travelersbackpack:hay":1,"biomesoplenty:brimstone_bricks":1,"minecraft:coarse_dirt":2,"minecraft:birch_leaves":14,"bloomingnature:fan_palm_log":3,"minecraft:zombie_head":1,"minecraft:gravel":42,"minecraft:chipped_anvil":1,"minecraft:fern":72,"stalwart_dungeons:spore_vaporizer":5,"orcz:orcamanita":1,"minecraft:sculk_vein":136,"minecraft:brewing_stand":5,"minecraft:grass_block":1358,"biomesoplenty:rose_quartz_block":1,"bloomingnature:genisteae":2,"biomesoplenty:blackstone_bulb":2,"minecraft:glowstone":14,"minecraft:sculk_catalyst":16,"minecraft:iron_ore":73,"minecraft:azure_bluet":4,"minecraft:skeleton_wall_skull":1,"minecraft:waxed_cut_copper":3,"minecraft:waxed_cut_copper_stairs":2,"minecraft:deepslate_redstone_ore":42,"minecraft:blackstone":3,"minecraft:medium_amethyst_bud":1,"stalwart_dungeons:transient_block_close":66,"minecraft:soul_lantern":1,"bloomingnature:swamp_oak_door":2,"bloomingnature:fan_palm_leaves":1,"minecraft:calcite":93,"minecraft:poppy":11,"minecraft:chest":20,"minecraft:nether_quartz_ore":24,"minecraft:cobblestone":21,"minecraft:oak_planks":34,"minecraft:wall_torch":21,"minecraft:seagrass":49,"minecraft:nether_wart_block":2,"minecraft:birch_log":13,"farmersdelight:cutting_board":1,"minecraft:birch_trapdoor":12,"minecraft:tnt":1,"orcz:blue_orcshroom":1,"minecraft:oak_log":464,"minecraft:sand":16,"minecraft:dirt":1203,"minecraft:netherrack":200,"minecraft:oak_leaves":36,"minecraft:nether_gold_ore":10,"minecraft:crying_obsidian":1,"minecraft:tuff":174,"minecraft:deepslate_diamond_ore":37,"minecraft:oak_door":2,"travelersbackpack:white_sleeping_bag":12,"minecraft:mangrove_trapdoor":1,"minecraft:cracked_nether_bricks":2,"minecraft:large_fern":108,"minecraft:hay_block":7,"minecraft:furnace":20,"minecraft:carrots":213,"minecraft:chiseled_deepslate":2,"bloomingnature:swamp_oak_leaves":7,"minecraft:polished_deepslate":1,"minecraft:bookshelf":6,"minecraft:deepslate_iron_ore":75,"minecraft:stripped_oak_log":35,"bloomingnature:bluebell":2,"minecraft:stone":777,"minecraft:crafting_table":15,"minecraft:rose_bush":3,"minecraft:sculk_sensor":26,"minecraft:lapis_ore":2,"minecraft:sculk":1940,"minecraft:gray_wool":82,"minecraft:birch_planks":1,"bloomingnature:swamp_oak_log":55,"minecraft:beehive":2,"minecraft:redstone_torch":2,"minecraft:coal_ore":168,"minecraft:cyan_carpet":1},"minecraft:killed":{"enemyexpansion:equestrian":4,"minecraft:skeleton":17,"stalwart_dungeons:giddy_blaze":87,"minecraft:pillager":3,"minecraft:zombie":22,"enemyexpansion:botfly":5,"minecraft:cow":1,"enemyexpansion:vampbiter":1,"enemyexpansion:goblin_fear":1,"stalwart_dungeons:nether_wart_cocoon":3,"minecraft:warden":5,"enemyexpansion:sprinter":6,"alexsmobs:catfish":1,"minecraft:spider":4,"aquaculture:gar":1,"minecraft:silverfish":5,"aquaculture:carp":1,"minecraft:piglin":2,"minecraft:pig":2,"orcz:goblinsavagemace":1,"minecraft:creeper":3,"minecraft:sheep":3,"alexsmobs:terrapin":2,"alexsmobs:fly":1,"enemyexpansion:direwolf":10,"minecraft:phantom":2,"minecraft:drowned":4,"enemyexpansion:goblin":1,"alexsmobs:flying_fish":1,"enemyexpansion:huntsman":1,"alexsmobs:crow":1,"minecraft:player":4,"enemyexpansion:slugger":3},"minecraft:picked_up":{"minecraft:birch_door":9,"minecraft:iron_chestplate":1,"minecraft:creeper_head":1,"minecraft:smithing_table":2,"minecraft:enchanted_book":2,"minecraft:brewing_stand":5,"bloomingnature:fan_palm_log":3,"minecraft:amethyst_block":49,"farmersdelight:cutting_board":1,"minecraft:polished_deepslate":1,"minecraft:music_disc_cat":2,"minecraft:string":22,"minecraft:red_nether_bricks":6,"minecraft:gold_nugget":61,"minecraft:cobbled_deepslate":1638,"minecraft:beehive":4,"minecraft:lightning_rod":2,"minecraft:deepslate_tile_stairs":1,"alexsmobs:centipede_leg":2,"minecraft:waxed_cut_copper_stairs":1,"biomesoplenty:rose_quartz_chunk":6,"minecraft:honey_bottle":1,"mcdw:pick_diamond_pickaxe_var":1,"minecraft:iron_block":64,"farmersdelight:rope":14,"minecraft:bookshelf":3,"minecraft:waxed_cut_copper":3,"minecraft:blaze_rod":183,"alexsmobs:flying_fish":1,"minecraft:birch_log":13,"minecraft:magma_block":11,"minecraft:cooked_beef":26,"orcz:orcteeth":4,"farmersdelight:rice":6,"minecraft:smoker":9,"minecraft:flint":7,"alexsmobs:cooked_kangaroo_meat":1,"minecraft:chipped_anvil":1,"biomesoplenty:brimstone_bricks":1,"minecraft:stonecutter":1,"minecraft:diamond_helmet":1,"minecraft:glowstone_dust":33,"aquaculture:gar":1,"spartanshields:iron_tower_shield":1,"orcz:blue_orcshroom":4,"ecologics:coconut_husk":2,"minecraft:ink_sac":2,"minecraft:bundle":4,"stalwart_dungeons:spore_vaporizer":4,"minecraft:deepslate":48,"minecraft:blue_ice":1,"minecraft:granite":76,"minecraft:golden_horse_armor":1,"minecraft:bread":2,"alexsmobs:maggot":1,"minecraft:diamond_pickaxe":1,"minecraft:crafting_table":18,"travelersbackpack:hay":3,"minecraft:nether_wart":236,"travelersbackpack:sandstone":1,"minecraft:cornflower":12,"mcdw:sword_diamond_sword_var":5,"farmersdelight:beef_patty":47,"minecraft:beef":2,"minecraft:poppy":18,"minecraft:chest":20,"minecraft:diamond_hoe":1,"minecraft:stone":111,"minecraft:oak_door":2,"farmersdelight:minced_beef":80,"orcz:orchorn":1,"minecraft:carrot":612,"minecraft:redstone":306,"minecraft:mushroom_stem":1,"minecraft:mangrove_trapdoor":1,"minecraft:tnt":1,"minecraft:beetroot_seeds":3,"mcda:phantom_bones":6,"minecraft:deepslate_bricks":311,"minecraft:diamond_boots":3,"minecraft:hay_block":7,"minecraft:cracked_deepslate_bricks":2,"aquaculture:carp":1,"minecraft:gold_ingot":54,"minecraft:glow_berries":5,"minecraft:mutton":5,"minecraft:white_wool":25,"minecraft:rail":77,"minecraft:oxeye_daisy":20,"minecraft:stripped_oak_log":34,"enemyexpansion:horsehead_helmet":1,"minecraft:red_mushroom":1,"minecraft:oak_log":448,"minecraft:sculk_vein":3,"minecraft:white_banner":3,"bloomingnature:swamp_oak_door":4,"minecraft:kelp":5153,"minecraft:glass_bottle":22,"mcda:evocation_robe_chestplate":1,"minecraft:iron_sword":2,"minecraft:smooth_basalt":30,"enemyexpansion:phantom_eye":4,"minecraft:sculk":1061,"minecraft:cracked_nether_bricks":3,"minecraft:spyglass":1,"minecraft:gravel":49,"orcz:orcamanita":2,"minecraft:crying_obsidian":1,"minecraft:diamond_shovel":2,"minecraft:gray_wool":80,"minecraft:baked_potato":204,"orcz:orcteeth_tool_pickaxe":1,"minecraft:ender_pearl":3,"minecraft:chiseled_deepslate":2,"minecraft:wheat":253,"alexscaves:cave_tablet":6,"enemyexpansion:wasp_thorax":1,"minecraft:potion":31,"minecraft:gilded_blackstone":4,"minecraft:nether_brick":203,"mcda:emerald_gear_leggings":1,"mcda:fox_armor_leggings":1,"travelersbackpack:spider":1,"minecraft:raw_copper":63,"alexsmobs:ancient_dart":3,"orcz:orcteeth_tool_shovel":1,"minecraft:iron_leggings":1,"minecraft:zombie_head":2,"minecraft:experience_bottle":1,"minecraft:oak_sign":1,"mcda:wolf_armor_chestplate":1,"biomesoplenty:brimstone":4,"minecraft:deepslate_tiles":1,"minecraft:smooth_stone":2,"minecraft:bucket":2,"minecraft:rose_bush":4,"minecraft:redstone_torch":2,"minecraft:calcite":111,"minecraft:furnace":21,"farmersdelight:cabbage_seeds":3,"minecraft:iron_boots":1,"biomesoplenty:rose_quartz_block":1,"minecraft:stick":2,"minecraft:birch_trapdoor":9,"minecraft:torch":285,"minecraft:porkchop":5,"minecraft:dried_kelp":1,"tombstone:grave_dust":9,"minecraft:diorite":90,"minecraft:rotten_flesh":84,"minecraft:obsidian":14,"minecraft:cobblestone":961,"minecraft:lilac":4,"minecraft:andesite":121,"minecraft:potato":501,"paraglider:spirit_orb":6,"minecraft:tuff":225,"minecraft:dirt":2527,"minecraft:lapis_lazuli":83,"minecraft:glass":30,"minecraft:bone":25,"bloomingnature:bluebell":5,"farmersdelight:iron_knife":1,"minecraft:bow":4,"minecraft:wheat_seeds":875,"minecraft:raw_gold":166,"minecraft:cobbled_deepslate_slab":1,"minecraft:oak_planks":153,"friendsandfoes:totem_of_freezing":1,"biomesoplenty:toadstool":1,"minecraft:music_disc_13":3,"minecraft:poisonous_potato":3,"minecraft:sand":16,"minecraft:lily_of_the_valley":9,"minecraft:mossy_cobblestone":1,"travelersbackpack:white_sleeping_bag":13,"minecraft:diamond":74,"minecraft:soul_lantern":1,"bloomingnature:swamp_oak_log":54,"waystones:waystone":1,"minecraft:cracked_polished_blackstone_bricks":5,"minecraft:golden_apple":1,"minecraft:emerald":1,"minecraft:oak_sapling":5,"orcz:ironscrap":1,"minecraft:netherrack":157,"minecraft:azure_bluet":6,"minecraft:ladder":1,"minecraft:chest_minecart":1,"minecraft:brown_mushroom":1,"minecraft:wooden_pickaxe":1,"minecraft:iron_axe":3,"minecraft:item_frame":3,"minecraft:cyan_carpet":1,"minecraft:blackstone":3,"minecraft:oak_boat":2,"minecraft:sugar_cane":728,"minecraft:phantom_membrane":7,"minecraft:raw_iron":206,"ecologics:coconut_slice":8,"minecraft:copper_ingot":1,"minecraft:note_block":1,"minecraft:cookie":1,"minecraft:iron_horse_armor":1,"minecraft:arrow":25,"minecraft:pumpkin_pie":1,"minecraft:nether_bricks":71,"minecraft:skeleton_skull":1,"minecraft:golden_carrot":239,"minecraft:leather":1,"bloomingnature:swamp_oak_planks":13,"enemyexpansion:headbiter_helmet":1,"bloomingnature:genisteae":1,"minecraft:waxed_copper_block":1,"minecraft:gunpowder":46,"biomesoplenty:jacaranda_planks":1,"minecraft:nether_wart_block":2,"bloomingnature:swamp_oak_sapling":10,"minecraft:gray_carpet":2,"minecraft:iron_ingot":6,"minecraft:cooked_chicken":2,"bloomingnature:chestnut_sapling":1,"minecraft:soul_sand":11,"minecraft:book":56,"stalwart_dungeons:transient_block_close":84,"minecraft:sculk_catalyst":5,"minecraft:pumpkin":9,"minecraft:quartz":24,"minecraft:dandelion":10,"minecraft:amethyst_shard":6,"minecraft:blast_furnace":7,"minecraft:white_bed":3,"minecraft:spider_eye":21,"alexsmobs:raw_catfish":3,"minecraft:dried_kelp_block":116,"minecraft:iron_helmet":1,"tombstone:magic_scroll":3,"minecraft:coal":282},"minecraft:crafted":{"minecraft:black_dye":1,"minecraft:oak_sign":9,"travelersbackpack:crafting_upgrade":1,"minecraft:blaze_powder":260,"spartanshields:wooden_tower_shield":1,"bloomingnature:swamp_oak_door":3,"biomesoplenty:rose_quartz_block":1,"minecraft:bookshelf":1,"mcdw:sword_diamond_sword_var":1,"minecraft:cooked_mutton":5,"minecraft:glass":16,"minecraft:quartz_block":1,"minecraft:diamond_leggings":1,"minecraft:dried_kelp_block":307,"minecraft:glass_bottle":69,"spartanshields:diamond_tower_shield":1,"minecraft:cooked_porkchop":5,"minecraft:diamond_axe":2,"farmersdelight:iron_knife":1,"minecraft:copper_ingot":3,"farmersdelight:beef_patty":2,"minecraft:iron_pickaxe":9,"minecraft:gold_ingot":9,"minecraft:golden_carrot":1,"minecraft:diamond_hoe":1,"minecraft:bone_meal":51,"travelersbackpack:blank_upgrade":4,"travelersbackpack:gold_tier_upgrade":1,"travelersbackpack:white_sleeping_bag":1,"minecraft:stone_pickaxe":1,"minecraft:diamond_boots":1,"minecraft:dark_oak_planks":8,"travelersbackpack:spider":4,"minecraft:wheat":63,"minecraft:dried_kelp":2934,"minecraft:golden_apple":1,"minecraft:oak_stairs":8,"minecraft:iron_shovel":2,"minecraft:iron_leggings":3,"minecraft:white_bed":2,"minecraft:oak_planks":536,"minecraft:bow":2,"minecraft:iron_boots":3,"tombstone:grave_key":2,"minecraft:chest":32,"stalwart_dungeons:iron_hammer":1,"travelersbackpack:iron_tier_upgrade":1,"minecraft:crafting_table":17,"spartanshields:iron_tower_shield":1,"minecraft:wooden_pickaxe":1,"minecraft:baked_potato":807,"minecraft:iron_helmet":1,"bloomingnature:swamp_oak_planks":136,"bloomingnature:fan_palm_planks":12,"minecraft:brewing_stand":3,"farmersdelight:cutting_board":2,"minecraft:book":1,"minecraft:iron_chestplate":2,"minecraft:paper":3,"minecraft:diamond_pickaxe":1,"minecraft:shield":2,"minecraft:stick":208,"minecraft:iron_ingot":157,"minecraft:black_bed":1,"minecraft:redstone_torch":24,"minecraft:deepslate_bricks":1124,"minecraft:shears":1,"minecraft:cobbled_deepslate_slab":6,"minecraft:furnace":20,"minecraft:oak_trapdoor":2,"minecraft:flint_and_steel":6,"minecraft:polished_deepslate":1156,"minecraft:iron_axe":1,"minecraft:iron_hoe":1,"travelersbackpack:diamond_tier_upgrade":1,"minecraft:sugar":10,"travelersbackpack:backpack_tank":2,"biomesoplenty:brimstone_bricks":4,"minecraft:nether_bricks":89,"minecraft:bucket":3,"minecraft:stone_axe":1,"minecraft:air":0,"minecraft:bread":90,"enemyexpansion:phantasm_helmet":2,"minecraft:torch":388,"minecraft:diamond_chestplate":1}},"DataVersion":3465}